Phase,単勝的中率(%),複勝的中率(%),単勝回収率(%),複勝回収率(%)
Phase 0,19.161751788179192,62.592546116200275,19.161751788179192,62.592546116200275
Phase 3,19.11155728447735,62.52980298657297,19.11155728447735,62.52980298657297
差分,-0.05019450370184231,-0.06274312962730733,-0.05019450370184231,-0.06274312962730733
